INSERT INTO "user" (id, username, password) VALUES (1, 'admin', 'admin');
INSERT INTO "user" (id, username, password) VALUES (8, 'stock_manager', 'password1');
INSERT INTO "user" (id, username, password) VALUES (18, 'store_manager', 'password1');
INSERT INTO "user" (id, username, password) VALUES (19, 'managed_profile', 'user_stock_store');
SELECT pg_catalog.setval('user_id_seq', 20, true);

INSERT INTO authority (id, name) VALUES (1, 'ROLE_ADMIN');
INSERT INTO authority (id, name) VALUES (2, 'ROLE_STOCK_MANAGER');
INSERT INTO authority (id, name) VALUES (3, 'ROLE_STORE_MANAGER');
SELECT pg_catalog.setval('authority_id_seq', 4, false);

INSERT INTO product (id, name, cost, type, details, image, width, height, weight) VALUES (29, 'Королевство Сна Rosemary 200x200 (орех серый)', 2830, 'Кровать', 'классическая, 200x200 см, изголовье дерево, основание ортопедическое', '7ad1f054-ad37-48ff-b841-8da1cff78f31', 200, 200, NULL);
INSERT INTO product (id, name, cost, type, details, image, width, height, weight) VALUES (30, 'Halmar Ronald 160/200', 210, 'Обеденный стол', 'обеденный стол, раздвижной, прямоугольная форма, 1600×900 мм, материал: МДФ (столешница), МДФ (опоры)', '384270f3-7a81-40d8-ac51-25334c121d34', 160, 90, 11);
INSERT INTO product (id, name, cost, type, details, image, width, height, weight) VALUES (31, 'gМебель-класс Лидер (венге/дуб шамони) [МКД-211]', 75, 'Компьютерный стол', 'компьютерный стол, классический, прямоугольная форма, 1200×600 мм, материал: ЛДСП (столешница), ЛДСП (опоры)', 'ba7f59fa-6ae5-40f4-969e-a7fd845656e4', 120, 60, NULL);
INSERT INTO product (id, name, cost, type, details, image, width, height, weight) VALUES (32, 'Signal Colin (серый)', 38, 'Обеденный стул', 'обеденный стул, ткань (сидение), металл (каркас)', 'ada33f09-b144-4505-a12b-f729a51fcf9b', 52, 45, 2.7999999999999998);
INSERT INTO product (id, name, cost, type, details, image, width, height, weight) VALUES (19, 'Пинскдрев Олимп 5 (угловой)', 320.80000000000001, 'Диван', 'угловой, 3-местный, механизм "еврокнижка", настил пружинный блок "боннель", длина 247 см, спальное место 215x147 см', '508b63f1-bf29-40e5-9149-ef7534d961f2', 215, 147, NULL);
INSERT INTO product (id, name, cost, type, details, image, width, height, weight) VALUES (20, 'Пинскдрев Редфорд (угловой)', 1745, 'Диван', 'угловой, 6-местный, механизм "раскладушка", настил пенополиуретан (поролон), длина 410 см, спальное место 198x135 см', '68ecc9b0-fa56-4d8a-bb52-e07886d9ecdb', 410, 135, NULL);
INSERT INTO product (id, name, cost, type, details, image, width, height, weight) VALUES (21, 'Cавлуков-Мебель Ритис П-образный', 1020.65, 'Диван', 'угловой, 6-местный, механизм "дельфин", настил пенополиуретан (поролон)/блок независимых пружин, длина 330 см, спальное место 270x130 см', 'a36715cf-df4c-4b7f-876f-f992d8809963', 270, 130, NULL);
INSERT INTO product (id, name, cost, type, details, image, width, height, weight) VALUES (22, 'Signal Olivia bianco', 68.5, 'Обеденный стол', 'обеденный стол, раздвижной, овальная форма, 1060×1060 мм, материал: МДФ (столешница), дерево (опоры)', '1071de46-29ad-4349-ac8d-b36e2feb4069', 106, 106, NULL);
INSERT INTO product (id, name, cost, type, details, image, width, height, weight) VALUES (23, 'Ikea Лакк (черный/коричневый) [401.042.94]', 27, 'Журнальный столик', 'журнальный столик, классический, прямоугольная форма, 900×550 мм, материал: ЛДСП/пластик (столешница), ЛДСП (опоры)', 'f6452f22-14fd-481a-95aa-ad59d1dcb7b2', 90, 55, 5.9000000000000004);
INSERT INTO product (id, name, cost, type, details, image, width, height, weight) VALUES (24, 'Ikea Фредде (черный) [502.190.44]', 399.99000000000001, 'Компьютерный стол', 'компьютерный стол, классический, прямоугольная форма, 1400×740 мм, материал: ЛДСП/пластик (столешница), окрашенная сталь (опоры)', 'e2f7d6f6-046c-42fc-adfd-36ec5e3fbadf', 140, 74, NULL);
INSERT INTO product (id, name, cost, type, details, image, width, height, weight) VALUES (25, 'Мебель-класс Партнер [МК-22]', 106.2, 'Компьютерный стол', 'компьютерный стол, классический, прямоугольная форма, 1420×550 мм, материал: ЛДСП (столешница), ЛДСП (опоры)', '8c04a065-2311-474c-b05b-fb83db8864d2', 142, 55, NULL);
INSERT INTO product (id, name, cost, type, details, image, width, height, weight) VALUES (26, 'ГрандМанар Cinzano 200x200 (с подъемным механизмом)', 580.79999999999995, 'Кровать', 'классическая, 200x200 см, изголовье искусственная кожа, основание ортопедическое, подъемный механизм, ящики', '5e072f16-d998-4ea1-8168-9b399ecbbbb6', 200, 200, NULL);
INSERT INTO product (id, name, cost, type, details, image, width, height, weight) VALUES (27, 'Никкодом Дейтон 160x200 ПМ', 382, 'Кровать', 'классическая, 160x200 см, изголовье ЛДСП/ткань/искусственная кожа/дерево, основание ортопедическое, подъемный механизм, ящики', '84be69e9-3ee6-4220-a8f3-d2e09e91211f', 160, 200, 90);
INSERT INTO product (id, name, cost, type, details, image, width, height, weight) VALUES (28, 'ГрандМанар Dionis 200х200 (с подъемным механизмом)', 410.19999999999999, 'Кровать', 'классическая, 200x200 см, изголовье искусственная кожа, основание ортопедическое, подъемный механизм, ящики', 'ca34d603-b399-4f6d-83f2-ab9f6190f650', 200, 200, NULL);
INSERT INTO product (id, name, cost, type, details, image, width, height, weight) VALUES (33, 'Новый Стиль Amely chrome V 28', 27.5, 'Обеденный стул', 'обеденный стул, искусственная кожа (сидение), металл (каркас)', '30274673-a34e-4055-aae2-fb0a73a9bf48', 80, 62, NULL);
INSERT INTO product (id, name, cost, type, details, image, width, height, weight) VALUES (34, 'Новый Стиль Martin chrome', 30, 'Обеденный стул', 'обеденный стул, ткань (сидение), металл (каркас)', '70358ba5-8f10-4a09-8d5b-536b675c9667', 66, 28, 2);
INSERT INTO product (id, name, cost, type, details, image, width, height, weight) VALUES (36, 'Уют Модерн 200х200 с подъемным механизмом', 405, 'Кровать', 'классическая, 200x200 см, изголовье ткань/искусственная кожа, основание ортопедическое, подъемный механизм, ящики', '480c2c8a-86f4-44a8-a1c9-496084fda21f', 200, 200, NULL);
INSERT INTO product (id, name, cost, type, details, image, width, height, weight) VALUES (37, 'ГрандМанар Katarina 200x200 (с подъемным механизмом)', 524, 'Кровать', 'классическая, 200x200 см, изголовье искусственная кожа, подъемный механизм, ящики', '3087d960-ae3b-41fd-b76f-e1a26ab45ec5', 200, 200, NULL);
INSERT INTO product (id, name, cost, type, details, image, width, height, weight) VALUES (38, 'ZMF Алиса', 318.5, 'Кровать', 'классическая, 160x200 см, изголовье ткань/искусственная кожа/натуральная кожа, основание плоское, подъемный механизм, ящики, матрас в комплекте', '2e6ed05e-0f4e-46d1-8cef-c5822e3e1d3f', 160, 200, NULL);
INSERT INTO product (id, name, cost, type, details, image, width, height, weight) VALUES (39, 'ТехКомПро Арека ПР 1100х700 (ножка 7)', 256, 'Обеденный стол', 'обеденный стол, раздвижной, прямоугольная форма, 1100×700 мм, материал: МДФ/шпон (столешница), дерево (опоры)', 'e1569ba5-468d-46e4-a914-e822147f659d', 110, 70, NULL);
INSERT INTO product (id, name, cost, type, details, image, width, height, weight) VALUES (40, 'Halmar Richard', 405.5, 'Обеденный стол', 'обеденный стол, раздвижной, прямоугольная форма, 1500×900 мм, материал: МДФ (столешница), окрашенная сталь (опоры)', '1a26ff6a-26ed-4958-9aa9-f5a97892e38d', 150, 90, NULL);
SELECT pg_catalog.setval('product_id_seq',41, true);

INSERT INTO stock (id, specialize, address, phone, square) VALUES (11, 'Склад #1', 'г. Минск, ул. Заславская 31', '80152156482', 355);
INSERT INTO stock (id, specialize, address, phone, square) VALUES (12, 'Склад #2', 'г. Гродно, ул. Горького 21', '801524563257', 58.240000000000002);
INSERT INTO stock (id, specialize, address, phone, square) VALUES (15, 'Склад #3', 'г. Гродно, ул. Победы 102', '80152842795', 160);
INSERT INTO stock (id, specialize, address, phone, square) VALUES (16, 'Склад #4', 'г. Брест, ул. Ленина 80', '80298493874', 200);
INSERT INTO stock (id, specialize, address, phone, square) VALUES (17, 'Склад #5', 'г. Могилев ул. Мясницкая 44', '801528471092', 70);
INSERT INTO stock (id, specialize, address, phone, square) VALUES (18, 'Склад #6', 'г. Могилёв, ул. Василька 6', '80152546214', 140);
SELECT pg_catalog.setval('stock_id_seq', 19, true);

INSERT INTO store (id, name, details, address, phone, skype, discounts, mail, logo) VALUES (2, 'Мебельмакс', '12 лет мы стараемся для вас! За долгие годы ответственной работы, мы подобрали лучших поставщиков, в лице производителей качественной мебели Республики Беларусь, России и Украины. Выбрав для Вас совершенный ассортимент в золотой середине - цена, качество. Добросовестность и ответственность наших производителей, доставит Вам радость от покупок в нашем мебельном магазине.', 'г. Минск, ул. Долгобродская, д. 17', '8017398-93-33', 'mebelmax', true, '', '51dc9f3b-061b-418d-9d61-233bd430f4f5');
INSERT INTO store (id, name, details, address, phone, skype, discounts, mail, logo) VALUES (3, 'Молодечномебель', 'Возможно, пришло время что-либо поменять? Может, пришла пора сменить мягкую мебель? Купить диван-кровать или кресло? Или полностью обновить мягкую мебель в гостиной, да и во всем доме? Не спешите с ответом, но задумайтесь, а мы тем временем постараемся Вас убедить. Мягкая мебель в Минске сделает Ваш дом ещё более уютным и милым. Посудите сами. Конечно, Ваше гостеприимство и радушие поможет гостям расслабиться и прекрасно почувствовать себя.', 'Минск, пр-т Дзержинского,11, Минск, ул. Калиновского, 55,  Минск, ул.Неманская 3', '80295123546', 'molodechnoMebel', NULL, 'molodechnomebel@pochta.ru', 'f741981f-297f-424c-b75c-bdf89788887f');
INSERT INTO store (id, name, details, address, phone, skype, discounts, mail, logo) VALUES (4, 'Пинскдрев', 'Вот уже более 135 лет ЗАО «Холдинговая компания «Пинскдрев» работает в мебельной индустрии. Компания является лидером на мебельном рынке и является одной из старейших компаний деревообрабатывающей промышленности. За такой долгий период деятельности был накоплен колоссальный опыт в этом нелегком деле, благодаря чему «Пинскдрев» предлагает покупателям качественную, долговечную и надежную мебель из натуральных материалов.', 'г. Минск, пр-кт Машерова 7', '8029515612', 'pinskdrev.by', true, 'pinskdrev@mebel.by', '9c87e690-449a-4ac8-9c14-8bf3c4036d0c');
INSERT INTO store (id, name, details, address, phone, skype, discounts, mail, logo) VALUES (5, 'Неман', 'Фирменный интернет-магазин мебельной фабрики "Мебель-Неман" представляет Вам полный ассортимент продукции и сопутствующих товаров по отличным ценам и всеми гарантиями качества. "Мебель-Неман" - один из крупнейших производителей корпусной мебели для дома. Обладая широкими производственными возможностями, отлаженной схемой работы, а также креативным штатом профессиональных дизайнеров, компания реализует самые смелые проекты, совмещая отменное качество с доступными каждому потребителю ценами.', 'Гродно, ул. Горького 89, корп.2а ', '375(152)486029', 'mebelneman.by', NULL, 'neman@mebel.by', '91ff4e4c-0e09-4153-bc96-3bd3c43ac6fd');
INSERT INTO store (id, name, details, address, phone, skype, discounts, mail, logo) VALUES (6, 'Black Red White', 'Интернет-магазин мебели Black Red White – это магазин мебели и предметов интерьера для Вашего дома. В интернет-магазине мебели Black Red White можно купить мебель производства ИООО «БРВ-Брест», крупнейшего  производителя корпусной мебели, представителя группы компаний Black Red White на территории Беларуси.', 'г. Брест, ул.Московская, 275А (ОЦ Диагональ), офис 501 ', '80291513251', 'brw', true, 'brw@mail.ru', 'e45f8e08-4bfb-4857-8aaa-5bbc940ba7c4');
SELECT pg_catalog.setval('store_id_seq', 7, true);


INSERT INTO product_stock (product_id, stock_id) VALUES (19, 11);
INSERT INTO product_stock (product_id, stock_id) VALUES (20, 11);
INSERT INTO product_stock (product_id, stock_id) VALUES (21, 11);
INSERT INTO product_stock (product_id, stock_id) VALUES (29, 12);
INSERT INTO product_stock (product_id, stock_id) VALUES (30, 12);
INSERT INTO product_stock (product_id, stock_id) VALUES (31, 12);
INSERT INTO product_stock (product_id, stock_id) VALUES (22, 12);
INSERT INTO product_stock (product_id, stock_id) VALUES (23, 12);
INSERT INTO product_stock (product_id, stock_id) VALUES (24, 12);
INSERT INTO product_stock (product_id, stock_id) VALUES (20, 15);
INSERT INTO product_stock (product_id, stock_id) VALUES (19, 15);
INSERT INTO product_stock (product_id, stock_id) VALUES (32, 15);
INSERT INTO product_stock (product_id, stock_id) VALUES (24, 15);
INSERT INTO product_stock (product_id, stock_id) VALUES (27, 15);
INSERT INTO product_stock (product_id, stock_id) VALUES (26, 15);
INSERT INTO product_stock (product_id, stock_id) VALUES (27, 16);
INSERT INTO product_stock (product_id, stock_id) VALUES (26, 16);
INSERT INTO product_stock (product_id, stock_id) VALUES (25, 16);
INSERT INTO product_stock (product_id, stock_id) VALUES (24, 16);
INSERT INTO product_stock (product_id, stock_id) VALUES (23, 16);
INSERT INTO product_stock (product_id, stock_id) VALUES (33, 16);
INSERT INTO product_stock (product_id, stock_id) VALUES (28, 17);
INSERT INTO product_stock (product_id, stock_id) VALUES (27, 17);
INSERT INTO product_stock (product_id, stock_id) VALUES (26, 17);
INSERT INTO product_stock (product_id, stock_id) VALUES (34, 17);
INSERT INTO product_stock (product_id, stock_id) VALUES (22, 17);
INSERT INTO product_stock (product_id, stock_id) VALUES (24, 17);
INSERT INTO product_stock (product_id, stock_id) VALUES (19, 18);
INSERT INTO product_stock (product_id, stock_id) VALUES (34, 18);
INSERT INTO product_stock (product_id, stock_id) VALUES (33, 18);
INSERT INTO product_stock (product_id, stock_id) VALUES (28, 18);
INSERT INTO product_stock (product_id, stock_id) VALUES (37, 18);
INSERT INTO product_stock (product_id, stock_id) VALUES (36, 18);
INSERT INTO product_stock (product_id, stock_id) VALUES (38, 18);
INSERT INTO product_stock (product_id, stock_id) VALUES (39, 18);
INSERT INTO product_stock (product_id, stock_id) VALUES (27, 18);
INSERT INTO product_stock (product_id, stock_id) VALUES (40, 18);

INSERT INTO user_authority (user_id, authority_id) VALUES (1, 1);
INSERT INTO user_authority (user_id, authority_id) VALUES (8, 2);
INSERT INTO user_authority (user_id, authority_id) VALUES (18, 3);
INSERT INTO user_authority (user_id, authority_id) VALUES (19, 2);
INSERT INTO user_authority (user_id, authority_id) VALUES (19, 3);

INSERT INTO stock_store (stock_id, store_id) VALUES (11, 2);
INSERT INTO stock_store (stock_id, store_id) VALUES (18, 2);
INSERT INTO stock_store (stock_id, store_id) VALUES (11, 3);
INSERT INTO stock_store (stock_id, store_id) VALUES (16, 3);
INSERT INTO stock_store (stock_id, store_id) VALUES (17, 3);
INSERT INTO stock_store (stock_id, store_id) VALUES (15, 4);
INSERT INTO stock_store (stock_id, store_id) VALUES (16, 4);
INSERT INTO stock_store (stock_id, store_id) VALUES (17, 4);
INSERT INTO stock_store (stock_id, store_id) VALUES (16, 5);
INSERT INTO stock_store (stock_id, store_id) VALUES (17, 5);
INSERT INTO stock_store (stock_id, store_id) VALUES (11, 5);
INSERT INTO stock_store (stock_id, store_id) VALUES (12, 5);
INSERT INTO stock_store (stock_id, store_id) VALUES (15, 5);
INSERT INTO stock_store (stock_id, store_id) VALUES (15, 6);
INSERT INTO stock_store (stock_id, store_id) VALUES (16, 6);
INSERT INTO stock_store (stock_id, store_id) VALUES (17, 6);
INSERT INTO stock_store (stock_id, store_id) VALUES (18, 6);